[
  {
    "id": 1,
    "nomeProduto": "arroz",
    "preco": "R$11,23",
    "desc": "Arroz Parbonizado Urbano",
    "img": "arroz.png"
  },
  {
  "id": 2,
  "nomeProduto": "feijao",
   "preco": "R$6,23",
   "desc": "Feijão Preto Urbano",
  "img": "feijao.png"
  },
  {
  "id": 3,
  "nomeProduto": "cafe",
    "preco": "R$9,25",
    "desc": "Café Extraforte Damasco",
  "img": "cafe.png"
  },
  {
  "id": 4,
  "nomeProduto": "sabonete",
    "preco": "R$1,25",
    "desc": "Sabonete Lux",
  "img": "sabonete.png"
  }
]